clase,grupo,nombre
3110000,3100000,"Cultivos, productos comerciales de jardinería y horticultura"
3120000,3100000,Productos de horticultura y viveros
3130000,3100000,Cultivos de especias y de plantas para bebidas
3140000,3100000,Productos de origen animal y productos afines
3210000,3200000,Cereales y patatas
3220000,3200000,"Hortalizas, frutas y frutos de cáscara"
3310000,3300000,"Pescado, crustáceos y productos acuáticos"
3320000,3300000,Ganado y animales pequeños
3330000,3300000,Productos de animales de granja
3340000,3300000,Marcas auriculares para animales
3410000,3400000,Madera
3420000,3400000,Gomas
3430000,3400000,Corcho
3440000,3400000,Productos de la silvicultura
3450000,3400000,Productos de vivero
3460000,3400000,Pasta de celulosa
9110000,9100000,Combustibles sólidos
9120000,9100000,Combustibles gaseosos
9130000,9100000,Petróleo y destilados
9210000,9200000,Preparados lubricantes
9220000,9200000,"Vaselina, ceras del petróleo y gasolinas especiales"
9230000,9200000,Petróleo (crudo)
9240000,9200000,Productos derivados del carbón o de aceites minerales
9310000,9300000,Electricidad
9320000,9300000,"Vapor, agua caliente y productos afines"
9330000,9300000,Energía solar
9340000,9300000,Combustibles nucleares
14210000,14200000,"Grava, arena, piedras machacadas y agregados"
14220000,14200000,Arcilla y caolín
14310000,14300000,Abonos minerales
14320000,14300000,Minerales químicos
14410000,14400000,Sal gema
14420000,14400000,Sal marina
14430000,14400000,Sal evaporada y cloruro de sodio puro
14450000,14400000,Salmuera
14520000,14500000,Piedras preciosas y semipreciosas; piedra pómez; esmeril; abrasivos naturales; otros minerales y metales preciosos
14610000,14600000,Minerales metálicos
14620000,14600000,Aleaciones
14630000,14600000,"Escoria y batiduras, desperdicios y desechos ferrosos"
14710000,14700000,"Hierro, plomo, zinc, estaño y cobre"
14720000,14700000,"Aluminio, níquel, escandio, titanio y vanadio"
14730000,14700000,"Cromo, manganeso, cobalto, itrio y circonio"
14740000,14700000,"Molibdeno, tecnecio, rutenio y rodio"
14750000,14700000,"Cadmio, lutecio, hafnio, tantalio y wolframio"
14760000,14700000,"Iridio, galio, indio, talio y bario"
14770000,14700000,"Cesio, estroncio, rubidio y calcio"
14780000,14700000,"Potasio, magnesio, sodio y litio"
14790000,14700000,"Niobio, osmio, renio y paladio"
14810000,14800000,Productos abrasivos
14820000,14800000,Vidrio
14830000,14800000,Fibras de vidrio
14910000,14900000,Materias primas metálicas secundarias de recuperación
14920000,14900000,Materias primas no metálicas secundarias de recuperación
14930000,14900000,Cenizas y residuos que contengan metales
15110000,15100000,Carne
15130000,15100000,Productos cárnicos
15210000,15200000,"Filetes de pescado, hígados y huevas de pescado"
15220000,15200000,"Pescado, filetes de pescado y otros tipos de carne de pescado congelados"
15230000,15200000,Pescado seco o salado; en salmuera; ahumado
15240000,15200000,Pescado en conserva o en lata y otros pescados preparados o en conserva
15250000,15200000,Mariscos
15310000,15300000,Patatas y productos a base de patatas
15320000,15300000,Zumos de frutas y hortalizas
15330000,15300000,Frutas y hortalizas elaboradas
15410000,15400000,Aceites y grasas animales o vegetales en bruto
15420000,15400000,Aceites y grasas refinados
15430000,15400000,Grasas comestibles
15510000,15500000,Leche y nata (crema)
15530000,15500000,Mantequilla
15540000,15500000,Queso
15550000,15500000,Productos lácteos diversos
15610000,15600000,Productos de molinería
15620000,15600000,Almidones y productos amiláceos
15710000,15700000,Alimentos preparados para animales de granja y otros animales
15810000,15800000,"Productos de panificación, pasteles y productos de pastelería frescos"
15820000,15800000,Biscotes y galletas; pasteles y productos de pastelería conservados
15830000,15800000,Azúcar y productos conexos
15840000,15800000,Cacao; chocolate y productos de confitería
15850000,15800000,Pastas alimenticias
15860000,15800000,"Café, té y productos conexos"
15870000,15800000,Condimentos y sazonadores
15880000,15800000,Productos alimenticios especiales
15890000,15800000,Productos alimenticios diversos y alimentos secos
15910000,15900000,Bebidas alcohólicas destiladas
15930000,15900000,Vinos
15940000,15900000,Sidra y otros vinos a base de fruta
15950000,15900000,Bebidas fermentadas no destiladas
15960000,15900000,Cerveza de malta
15980000,15900000,Bebidas sin alcohol
15990000,15900000,"Tabaco, productos de tabaco y artículos afines"
16110000,16100000,Arados o gradas de disco
16120000,16100000,"Gradas, escarificadores, cultivadores, escardadoras o binadoras"
16130000,16100000,"Sembradoras, plantadoras o transplantadoras"
16140000,16100000,Esparcidores de estiércol
16150000,16100000,Rodillos para césped o terrenos de deporte
16160000,16100000,Equipo diverso para jardinería
16310000,16300000,Máquinas segadoras
16320000,16300000,Máquinas para henificar
16330000,16300000,Prensas para paja o forraje
16340000,16300000,Cosechadoras y trilladoras
16510000,16500000,Remolques autocargadores para usos agrícolas
16520000,16500000,Remolques autodescargadores para usos agrícolas
16530000,16500000,Semirremolques autocargadores para usos agrícolas
16540000,16500000,Semirremolques autodescargadores para usos agrícolas
16610000,16600000,"Máquinas para la limpieza o la clasificación de huevos, frutas u otros productos agrícolas"
16620000,16600000,Ordeñadoras
16630000,16600000,Máquinas para preparar alimentos para animales
16640000,16600000,Máquinas y aparatos para la apicultura
16650000,16600000,Máquinas y aparatos para la avicultura
16710000,16700000,Motocultores
16720000,16700000,Tractores usados
16730000,16700000,Motores de tracción
16810000,16800000,Partes de maquinaria agrícola
16820000,16800000,Partes de maquinaria forestal
18110000,18100000,Indumentaria de trabajo
18130000,18100000,Ropa para trabajos especiales
18140000,18100000,Accesorios de ropa de trabajo
18210000,18200000,Abrigos
18220000,18200000,Ropa para la intemperie
18230000,18200000,Ropa exterior diversa
18310000,18300000,Ropa interior
18320000,18300000,"Sostenes, corsés, ligas y prendas similares"
18330000,18300000,Camisetas y camisas
18410000,18400000,Prendas de vestir especiales
18420000,18400000,Complementos de vestir
18440000,18400000,Sombreros y tocados
18450000,18400000,Cierres para prendas de vestir
18510000,18500000,Joyas y artículos conexos
18520000,18500000,Relojería para uso personal
18530000,18500000,Regalos y premios
18610000,18600000,Artículos de piel
18620000,18600000,Pieles
18810000,18800000,Calzado distinto del calzado deportivo y de protección
18820000,18800000,Calzado deportivo
18830000,18800000,Calzado de protección
18840000,18800000,Partes de calzado
18910000,18900000,Artículos de talabartería
18920000,18900000,Artículos de viaje
18930000,18900000,Sacos y talegas
19110000,19100000,Cuero agamuzado
19120000,19100000,Cuero de bovinos o equinos
19130000,19100000,"Cuero de oveja, cabra o cerdo"
19140000,19100000,"Piel de otros animales, cuero reconstituido y otros cueros"
19160000,19100000,Correas de reloj
19170000,19100000,Artículos de cuero usados en maquinaria o aparatos mecánicos
19210000,19200000,Tejidos
19220000,19200000,Tejidos de lana
19230000,19200000,Tejidos de lino
19240000,19200000,Tejidos especiales
19250000,19200000,Tejidos de punto o de ganchillo
19260000,19200000,Tela
19270000,19200000,Materias textiles no tejidas
19280000,19200000,"Lana, cueros y pieles"
19410000,19400000,Fibras textiles naturales
19420000,19400000,Fibras textiles artificiales
19430000,19400000,Hilados e hilos textiles de fibras naturales
19440000,19400000,Hilados o hilos sintéticos
19510000,19500000,Productos de caucho
19520000,19500000,Productos de plástico
19610000,19600000,Residuos de cuero
19620000,19600000,Residuos textiles
19630000,19600000,Residuos de caucho
19640000,19600000,Sacos y bolsas de polietileno para residuos
19710000,19700000,Caucho sintético
19720000,19700000,Fibras sintéticas
19730000,19700000,Fibras artificiales
22110000,22100000,Libros impresos
22120000,22100000,Publicaciones
22130000,22100000,Guías
22140000,22100000,Prospectos
22150000,22100000,Folletos
22160000,22100000,Opúsculos
22210000,22200000,Periódicos
22310000,22300000,Tarjetas postales
22320000,22300000,Tarjetas de felicitación
22410000,22400000,Sellos
22420000,22400000,Papel timbrado
22430000,22400000,Billetes de banco
22440000,22400000,Talonarios de cheques
22450000,22400000,Impresos infalsificables
22460000,22400000,"Material de publicidad comercial, catálogos comerciales y manuales"
22470000,22400000,Manuales
22510000,22500000,Planchas offset
22520000,22500000,Equipo de grabado en seco
22610000,22600000,Tinta de imprenta
22810000,22800000,Libros registro de papel o cartón
22820000,22800000,Formularios
22830000,22800000,Cuadernos de ejercicios
22840000,22800000,Álbumes para muestras
22850000,22800000,Clasificadores y accesorios para clasificadores
22990000,22900000,"Papel de periódico, papeles fabricados a mano y otros papeles y cartones sin recubrir, para usos gráficos"
24110000,24100000,Gases industriales
24210000,24200000,"Óxidos, peróxidos e hidróxidos"
24220000,24200000,Extractos curtientes o tintóreos; taninos y materias colorantes
24310000,24300000,Productos químicos inorgánicos básicos
24320000,24300000,Productos químicos orgánicos básicos
24410000,24400000,Abonos nitrogenados
24420000,24400000,Abonos fosfatados
24430000,24400000,Abonos de origen animal o vegetal
24440000,24400000,Abonos diversos
24450000,24400000,Productos agroquímicos
24510000,24500000,Polímeros de etileno en formas primarias
24520000,24500000,Polímeros de propileno en formas primarias
24530000,24500000,Polímeros de estireno en formas primarias
24540000,24500000,Polímeros de vinilo en formas primarias
24550000,24500000,Poliésteres en formas primarias
24560000,24500000,Poliamidas en formas primarias
24570000,24500000,Resinas uréicas en formas primarias
24580000,24500000,Resinas amínicas en formas primarias
24590000,24500000,Siliconas en formas primarias
24610000,24600000,Explosivos preparados
24910000,24900000,Colas
24920000,24900000,Aceites esenciales
24930000,24900000,Productos químicos para fotografía
24950000,24900000,Productos químicos para fines específicos
24960000,24900000,Productos químicos diversos
30110000,30100000,Máquinas de tratamiento de textos
30120000,30100000,"Fotocopiadoras, máquinas offset e impresoras"
30130000,30100000,Equipo para oficinas de correos
30140000,30100000,Máquinas de calcular y máquinas de contabilidad
30150000,30100000,Máquinas de escribir
30160000,30100000,Tarjetas magnéticas
30170000,30100000,Etiquetadoras
30180000,30100000,Máquinas de escribir y endosar cheques
30190000,30100000,Equipo y artículos de oficina diversos
30210000,30200000,Máquinas procesadoras de datos (hardware)
30220000,30200000,Equipo de cartografía digital
30230000,30200000,Equipo relacionado con la informática
31110000,31100000,Motores eléctricos
31120000,31100000,Generadores
31130000,31100000,Alternadores
31140000,31100000,Torres de enfriamiento
31150000,31100000,Reactancias para lámparas o tubos de descarga
31160000,31100000,"Partes de motores, generadores y transformadores eléctricos"
31170000,31100000,Transformadores
31210000,31200000,Aparatos eléctricos de conmutación o protección de circuitos eléctricos
31220000,31200000,Componentes de circuitos eléctricos
31230000,31200000,Partes de aparatos de distribución o control de electricidad
31310000,31300000,Redes de distribución
31320000,31300000,Cables de distribución eléctrica
31330000,31300000,Cable coaxial
31340000,31300000,"Accesorios de cables, aislados"
31350000,31300000,Conductores eléctricos para datos y control
31410000,31400000,Pilas
31420000,31400000,Baterías de pilas
31430000,31400000,Acumuladores eléctricos
31440000,31400000,Baterías
31510000,31500000,Lámparas eléctricas de filamento
31520000,31500000,Lámparas y accesorios de iluminación
31530000,31500000,Partes de lámparas y material de alumbrado
31610000,31600000,Material eléctrico para motores y vehículos
31620000,31600000,Aparatos de señalización acústica o visual
31630000,31600000,Imanes
31640000,31600000,Máquinas y aparatos con una función propia
31650000,31600000,Accesorios de aislamiento
31660000,31600000,Electrodos de carbón
31670000,31600000,Partes eléctricas de maquinaria o aparatos
31680000,31600000,Materiales y accesorios eléctricos
31710000,31700000,Equipo electrónico
31720000,31700000,Equipo electromecánico
31730000,31700000,Equipo electrotécnico
32210000,32200000,Equipo de radiodifusión
32220000,32200000,Aparatos transmisores de televisión sin receptor
32230000,32200000,Radiotransmisores con receptor
32240000,32200000,Cámaras de televisión
32250000,32200000,Teléfonos móviles
32260000,32200000,Equipo de transmisión de datos
32270000,32200000,Aparatos de transmisión digital
32310000,32300000,Receptores de radiodifusión
32320000,32300000,Equipo audiovisual y de televisión
32330000,32300000,Aparatos de grabación y reproducción de imágenes y sonido
32340000,32300000,Micrófonos y altavoces
32350000,32300000,Partes de equipo de sonido y vídeo
32360000,32300000,Equipo de intercomunicación
32410000,32400000,Red de área local
32420000,32400000,Equipo de red
32430000,32400000,Red de área extendida
32440000,32400000,Equipo de telemetría y equipo terminal
32510000,32500000,Sistema inalámbrico de telecomunicaciones
32520000,32500000,Equipo y cable de telecomunicaciones
32530000,32500000,Equipo del tipo usado para comunicaciones por satélite
32540000,32500000,Cuadros de conmutadores
32550000,32500000,Equipo telefónico
32560000,32500000,Materiales de fibra óptica
32570000,32500000,Equipo de comunicaciones
32580000,32500000,Equipo de datos
33110000,33100000,"Equipos de imaginería para uso médico, odontológico y veterinario"
33120000,33100000,Dispositivos de exploración y registro
33130000,33100000,Instrumental y aparatos de odontología y sus especialidades
33140000,33100000,Material médico fungible
33150000,33100000,"Aparatos de radioterapia, mecanoterapia, electroterapia y fisioterapia"
33160000,33100000,Técnicas operatorias
33170000,33100000,Anestesia y reanimación
33180000,33100000,Asistencia funcional
33190000,33100000,Instrumentos y aparatos médicos diversos
33610000,33600000,Medicamentos para el aparato digestivo y el metabolismo
33620000,33600000,"Medicamentos para la sangre, para los órganos hematopoyéticos y para el aparato cardiovascular"
33630000,33600000,Medicamentos usados en dermatología y para el sistema musculo-esquelético
33640000,33600000,Medicamentos para el sistema génito-urinario y hormonas
33650000,33600000,"Antiinfecciosos generales para uso sistémico, vacunas, antineoplásicos e inmunomoduladores"
33660000,33600000,Medicamentos para el sistema nervioso y los órganos de los sentidos
33670000,33600000,Medicamentos para el aparato respiratorio
33680000,33600000,Artículos farmacéuticos
33690000,33600000,Medicamentos diversos
33710000,33700000,"Perfumes, artículos de tocador y preservativos"
33720000,33700000,Cuchillas y estuches de manicura o pedicura
33730000,33700000,Productos para el cuidado de los ojos y lentes correctoras
33740000,33700000,Productos para el cuidado de manos y uñas
33750000,33700000,Productos para el cuidado del bebé
33760000,33700000,"Papel higiénico, pañuelos, toallas y servilletas"
33770000,33700000,Artículos de papel para uso sanitario e higiénico
33790000,33700000,"Artículos de vidrio para laboratorio, higiene o farmacia"
33910000,33900000,Instrumental y material para disección anatomopatológica
33920000,33900000,Equipo y suministros para autopsia
33930000,33900000,Mobiliario para autopsia
33940000,33900000,Equipos y material para el transporte y depósito de cadáveres
33950000,33900000,Equipo y material para medicina legal
33960000,33900000,Equipo y material de embalsamamiento
33970000,33900000,Equipo y material para cadáveres
34110000,34100000,Automóviles para pasajeros
34120000,34100000,Vehículos de motor para el transporte de diez o más personas
34130000,34100000,Vehículos de motor para el transporte de mercancías
34140000,34100000,Vehículos pesados
34150000,34100000,Simuladores
34210000,34200000,Carrocerías para vehículos
34220000,34200000,"Remolques, semirremolques y contenedores móviles"
34310000,34300000,Motores y piezas de motores (vehículos)
34320000,34300000,"Piezas de recambio mecánicas, excepto motores y partes de motores"
34330000,34300000,"Repuestos para vehículos de transporte de mercancías, camionetas y automóviles"
34350000,34300000,Neumáticos para vehículos ligeros y para vehículos pesados
34360000,34300000,Asientos para aeronaves civiles
34370000,34300000,Asientos para vehículos de motor
34390000,34300000,Accesorios para tractor
34410000,34400000,Motocicletas
34420000,34400000,Motocicletas ligeras y bicicletas con motor auxiliar
34430000,34400000,Bicicletas
34510000,34500000,Buques
34520000,34500000,Barcos
34610000,34600000,Locomotoras y ténderes
34620000,34600000,Material móvil
34630000,34600000,Partes de locomotoras de ferrocarril o tranvía o material móvil; equipo de control del tráfico de ferrocarriles
34640000,34600000,Elementos automotores
34710000,34700000,"Helicópteros, aviones, naves espaciales y otras aeronaves propulsadas"
34720000,34700000,"Globos aerostáticos, dirigibles y otras aeronaves sin propulsión"
34730000,34700000,"Partes de aeronaves, naves espaciales y helicópteros"
34740000,34700000,"Equipamiento, entrenadores, simuladores de vuelo y sus partes para aeronaves o naves espaciales"
34910000,34900000,"Carros de tracción animal o manual, otros vehículos sin propulsión mecánica, carritos para equipaje y piezas de recambio diversas"
34920000,34900000,Equipo para carreteras
34930000,34900000,Equipo marino
34940000,34900000,Equipo ferroviario
34950000,34900000,Equipamiento con amplia capacidad de carga
34960000,34900000,Equipo aeroportuario
34970000,34900000,Equipo para monitorización del tráfico
34980000,34900000,Billetes de transporte
34990000,34900000,"Equipo de control, seguridad, señalización e iluminación"
35110000,35100000,"Equipo de extinción de incendios, salvamento y seguridad"
35120000,35100000,Sistemas y dispositivos de vigilancia y seguridad
35210000,35200000,Blancos para práctica de tiro
35220000,35200000,Equipo antidisturbios
35230000,35200000,Esposas
35240000,35200000,Sirenas
35250000,35200000,Repelentes para ataques caninos
35260000,35200000,Señales de policía
35310000,35300000,Armas diversas
35320000,35300000,Armas de fuego
35330000,35300000,Municiones
35340000,35300000,Partes de armas de fuego y municiones
35410000,35400000,Vehículos militares blindados
35420000,35400000,Partes de vehículos militares
35510000,35500000,Buques de guerra
35520000,35500000,Partes de buques de guerra
35610000,35600000,Aeronaves militares
35620000,35600000,Misiles
35630000,35600000,Naves especiales militares
35640000,35600000,Partes de equipos aeroespaciales militares
35710000,35700000,"Sistemas de mando, control, comunicación e informáticos"
35720000,35700000,"Inteligencia, vigilancia, adquisición de objetivos y reconocimiento"
35730000,35700000,Sistemas de guerra electrónica y contramedidas
35740000,35700000,Simuladores de combate
35810000,35800000,Equipo individual
35820000,35800000,Equipo de apoyo
37310000,37300000,Instrumentos musicales
37320000,37300000,Partes y accesorios de instrumentos musicales
37410000,37400000,Equipo para deportes al aire libre
37420000,37400000,Equipo de gimnasio
37430000,37400000,Equipo para boxeo
37440000,37400000,Equipo para el ejercicio físico
37450000,37400000,Equipo para deportes practicados en terreno de juego y en cancha
37460000,37400000,Juegos de tiro y mesa y sus equipos
37470000,37400000,Equipo para golf y bolos
37480000,37400000,Máquinas y aparatos para actividades de ocio
37510000,37500000,Muñecas
37520000,37500000,Juguetes
37530000,37500000,"Artículos para parques de atracciones, juegos de mesa o de salón"
37540000,37500000,Máquinas de juego
37810000,37800000,Artículos para trabajos artesanales
37820000,37800000,Artículos para trabajos artísticos
38110000,38100000,Instrumentos de navegación
38120000,38100000,Instrumentos de meteorología
38210000,38200000,Brújulas geológicas
38220000,38200000,Aparatos de prospección geológica
38230000,38200000,Instrumentos geofísicos electromagnéticos
38240000,38200000,Instrumentos geofísicos de medición de la gravedad
38250000,38200000,Instrumentos geofísicos de polarización inducida (PI)
38260000,38200000,Instrumentos geofísicos de magnetometría
38270000,38200000,Instrumentos geofísicos de resistividad
38280000,38200000,Gravímetros
38290000,38200000,"Instrumentos y aparatos de geodesia, hidrografía, oceanografía e hidrología"
38310000,38300000,Balanzas de precisión
38320000,38300000,Mesas de dibujo
38330000,38300000,Instrumentos de uso manual para medir longitudes
38340000,38300000,Instrumentos de medida de cantidades
38410000,38400000,Instrumentos de cómputo
38420000,38400000,"Instrumentos de medida del caudal, nivel y presión de líquidos y gases"
38430000,38400000,Aparatos de detección y análisis
38510000,38500000,Microscopios
38520000,38500000,Escáneres
38530000,38500000,Difractógrafos
38540000,38500000,Máquinas y aparatos de pruebas y medida
38550000,38500000,Contadores
38560000,38500000,Contadores de producción
38570000,38500000,Instrumentos y aparatos de regulación y control
38580000,38500000,Equipo no médico basado en el uso de radiaciones
38620000,38600000,Materias polarizantes
38630000,38600000,Instrumentos ópticos y de astronomía
38640000,38600000,Dispositivos de cristal líquido
38650000,38600000,Equipo fotográfico
38710000,38700000,Registradores de asistencia
38720000,38700000,Fechadores y contadores
38730000,38700000,Parquímetros
38740000,38700000,Cronómetros de tiempos de fabricación
38750000,38700000,Interruptores horarios
38810000,38800000,Equipo de control de procesos industriales
38820000,38800000,Equipo con mando a distancia
38910000,38900000,Equipo de control y ensayo higiénicos
38920000,38900000,Equipo para semillas y piensos
38930000,38900000,Instrumentos de medición de la humedad
38940000,38900000,Instrumentos de evaluación nuclear
38950000,38900000,Equipo para reacción en cadena de la polimerasa (PCR)
38960000,38900000,Dispositivo antiarranque por alcoholemia
38970000,38900000,"Investigación, ensayos y simuladores científico-técnicos"
39110000,39100000,"Asientos, sillas y productos conexos y piezas correspondientes"
39120000,39100000,"Mesas, armarios, escritorios y librerías"
39130000,39100000,Muebles de oficina
39140000,39100000,Mobiliario doméstico
39150000,39100000,Mobiliario y equipo diverso
39160000,39100000,Mobiliario escolar
39170000,39100000,Mobiliario de tienda
39180000,39100000,Mobiliario de laboratorio
39190000,39100000,Papel para decorar y otros revestimientos
39220000,39200000,"Equipo de cocina, artículos de uso doméstico y artículos de catering"
39230000,39200000,Producto para usos especiales
39240000,39200000,Cubertería
39260000,39200000,Bandejas de distribución y material de escritorio
39270000,39200000,Artículos religiosos
39290000,39200000,Complementos de mobiliario diversos
39310000,39300000,Equipo de catering
39330000,39300000,Equipo de desinfección
39340000,39300000,Equipo para red de distribución de gas
39350000,39300000,Equipo para estaciones de depuración
39360000,39300000,Equipo de sellado
39370000,39300000,Instalaciones de tratamiento de aguas
39510000,39500000,Artículos textiles para uso doméstico
39520000,39500000,Artículos textiles de confección
39530000,39500000,"Alfombras, esteras y alfombrillas"
39540000,39500000,"Cordaje diverso, cuerda, bramante y redes"
39550000,39500000,Artículos no tejidos
39560000,39500000,Artículos textiles diversos
39710000,39700000,Aparatos electrodomésticos
39720000,39700000,Aparatos domésticos no eléctricos
39810000,39800000,Preparaciones odoríferas y ceras
39820000,39800000,Agentes orgánicos tensoactivos
39830000,39800000,Productos de limpieza
41110000,41100000,Agua potable
41120000,41100000,Agua no potable
42110000,42100000,Turbinas y motores
42120000,42100000,Bombas y compresores
42130000,42100000,"Grifos, llaves, válvulas y aparatos similares"
42140000,42100000,"Engranajes, ruedas de fricción y elementos de transmisión"
42150000,42100000,Reactores nucleares y sus partes
42160000,42100000,Instalaciones de calderas
42210000,42200000,"Máquinas y aparatos para la elaboración de alimentos, bebidas y tabaco"
42220000,42200000,"Partes de máquinas y aparatos para procesar alimentos, bebidas y tabaco"
42310000,42300000,Quemadores para la alimentación de hornos
42320000,42300000,Incineradores de residuos
42330000,42300000,Hornos de fusión
42340000,42300000,Hornos de uso no doméstico
42350000,42300000,Crematorios
42390000,42300000,Partes de quemadores o de hornos
42410000,42400000,Equipos de elevación y de manipulación
42420000,42400000,"Cangilones, cucharas, cucharas de almeja, palas y garras o pinzas para grúas o excavadoras"
42510000,42500000,"Intercambiadores de calor, equipos de aire acondicionado y refrigeración y aparatos para filtrar"
42520000,42500000,Equipo de ventilación
42530000,42500000,"Partes de equipos refrigeradores y congeladores, y de bombas de calor"
42610000,42600000,Máquinas herramienta que funcionan con láser y centros de mecanizado
42620000,42600000,Tornos y máquinas herramienta para taladrar y fresar
42630000,42600000,Máquinas herramienta para trabajar metales
42640000,42600000,"Máquinas herramienta para trabajar materiales duros, excepto metales"
42650000,42600000,Herramientas manuales neumáticas o con motor
42660000,42600000,"Herramientas para soldadura blanda y soldadura fuerte, máquinas y equipo para templado de superficies y pulverización en caliente"
42670000,42600000,Partes y accesorios de máquinas herramienta
42710000,42700000,Maquinaria para la industria textil
42720000,42700000,Partes de máquinas y aparatos para la producción de materias textiles y prendas de vestir
42810000,42800000,Partes de máquinas para la producción de papel o cartón
42910000,42900000,"Aparatos de destilación, filtración o rectificación"
42920000,42900000,"Máquinas y aparatos para limpiar botellas, empaquetar y pesar, y máquinas y aparatos para pulverizar"
42930000,42900000,"Centrifugadoras, calandrias o máquinas automáticas distribuidoras"
42940000,42900000,Maquinaria para el tratamiento térmico de materiales
42950000,42900000,Partes de máquinas de uso general
42960000,42900000,"Sistema de mando y control, equipo gráfico, de impresión, ofimático y de procesamiento de la información"
42970000,42900000,"Partes de lavavajillas y máquinas de limpieza, llenado, empaquetado o embalado"
42980000,42900000,Generadores de gas
42990000,42900000,Máquinas diversas para usos especiales
43120000,43100000,Cortadoras y arrancadoras de carbón o roca y maquinaria para hacer túneles o galerías; máquinas de sondeo o de perforación
43130000,43100000,Equipo de perforación
43140000,43100000,Entibados móviles hidráulicos para minas
43210000,43200000,Maquinaria para el movimiento de tierras
43220000,43200000,Niveladoras
43230000,43200000,Máquinas de traillar
43240000,43200000,Bateadoras
43250000,43200000,Palas cargadoras de carga frontal
43260000,43200000,"Palas mecánicas, excavadoras y palas cargadoras, y otras máquinas para la minería"
43310000,43300000,Maquinaria de ingeniería civil
43320000,43300000,Equipo de construcción
43410000,43400000,Maquinas y aparatos para el tratamiento de minerales
43420000,43400000,Maquinaria para fabricar moldes de fundición
43610000,43600000,Partes para máquinas de sondeo
43620000,43600000,Partes de máquinas para tratamiento de minerales
43630000,43600000,Partes de máquinas o aparatos de perforación
43640000,43600000,Partes de maquinaria para excavar
43710000,43700000,Máquinas para laminado de metales
43720000,43700000,Máquinas de colar
43810000,43800000,Equipo para trabajar madera
43820000,43800000,Equipo para la fabricación de calzado
43830000,43800000,Herramientas mecánicas
43840000,43800000,Equipo de herrería
44110000,44100000,Materiales de construcción
44130000,44100000,Colectores
44140000,44100000,Productos relacionados con materiales de construcción
44160000,44100000,"Conducciones, canalizaciones, tuberías de revestimiento, tubos y artículos conexos"
44170000,44100000,"Planchas, hojas, bandas y láminas relacionadas con materiales de construcción"
44190000,44100000,Materiales de construcción diversos
44210000,44200000,Estructuras y partes de estructuras
44220000,44200000,Trabajos de ebanistería para la construcción
44230000,44200000,Trabajos de carpintería para la construcción
44310000,44300000,Productos de alambre
44320000,44300000,Cables y productos conexos
44330000,44300000,"Barras, varillas, alambre y perfiles utilizados en la construcción"
44410000,44400000,Artículos para baño y cocina
44420000,44400000,Artículos utilizados en la construcción
44430000,44400000,Blindaje
44440000,44400000,Cojinetes
44450000,44400000,Acero dulce
44460000,44400000,Estemples y puntales de mina
44470000,44400000,Productos de hierro fundido
44480000,44400000,Equipos diversos contra incendios
44510000,44500000,Herramientas
44520000,44500000,"Cerraduras, llaves y bisagras"
44530000,44500000,Elementos de sujeción
44540000,44500000,Cadenas
44550000,44500000,Muelles (resortes)
44610000,44600000,"Cisternas, depósitos, contenedores y recipientes a presión"
44620000,44600000,"Radiadores y calderas para calefacción central, y sus partes"
44810000,44800000,Pinturas
44820000,44800000,Barnices
44830000,44800000,"Mástiques, plastes de relleno, masillas y disolventes"
44910000,44900000,Piedra para construcción
44920000,44900000,"Piedra caliza, yeso y creta"
44930000,44900000,Pizarra
45110000,45100000,Trabajos de demolición de inmuebles y movimiento de tierras
45120000,45100000,Trabajos de perforación y sondeo
45210000,45200000,Trabajos de construcción de inmuebles
45220000,45200000,Obras de ingeniería y trabajos de construcción
45230000,45200000,"Trabajos de construcción de tuberías, líneas de comunicación y líneas de conducción eléctrica, de autopistas, carreteras, aeródromos y vías férreas; trabajos de explanación"
45240000,45200000,Trabajos de construcción para proyectos hidráulicos
45250000,45200000,"Trabajos de construcción de plantas, de instalaciones para la minería y la industria y de edificios relacionados con la industria del gas y del petróleo"
45260000,45200000,Trabajos de techado y otros trabajos de construcción especializados
45310000,45300000,Trabajos de instalación eléctrica
45320000,45300000,Trabajos de aislamiento
45330000,45300000,Trabajos de fontanería
45340000,45300000,"Trabajos de instalación de barandillas, pasamanos y dispositivos de seguridad"
45350000,45300000,Instalaciones mecánicas
45410000,45400000,Trabajos de enlucido
45420000,45400000,Trabajos de instalación de carpintería de madera
45430000,45400000,Trabajos de revestimiento de suelos y paredes
45440000,45400000,Trabajos de pintura y acristalamiento
45450000,45400000,Otros trabajos de acabado de edificios
45510000,45500000,Alquiler de grúas con maquinista
45520000,45500000,Alquiler de maquinaria para movimiento de tierras con maquinista
48110000,48100000,Paquetes de software de puntos de venta
48120000,48100000,Paquetes de software de control de vuelos
48130000,48100000,Paquetes de software de apoyo en tierra y de ensayos para la aviación
48140000,48100000,Paquetes de software de control del tráfico ferroviario
48150000,48100000,Paquetes de software de control industrial
48160000,48100000,Paquetes de software de bibliotecas
48170000,48100000,Paquetes de software de conformidad
48180000,48100000,Paquetes de software médico
48190000,48100000,Paquetes de software educativo
48210000,48200000,Paquetes de software de conexión en red
48220000,48200000,Paquetes de software de Internet e intranet
48310000,48300000,Paquetes de software de creación de documentos
48320000,48300000,Paquetes de software de dibujo y tratamiento de imágenes
48330000,48300000,Paquetes de software de planificación y productividad
48410000,48400000,Paquetes de software de gestión de inversiones y elaboración de declaraciones fiscales
48420000,48400000,Paquetes de software de gestión de instalaciones y «suite» de paquetes de software
48430000,48400000,Paquetes de software de gestión de inventarios
48440000,48400000,Paquetes de software de análisis financiero y contabilidad
48450000,48400000,Paquetes de software de contabilización del tiempo o recursos humanos
48460000,48400000,"Paquetes de software analítico, científico, matemático o predictivo"
48470000,48400000,Paquetes de software de subastas
48480000,48400000,"Paquetes de software de ventas, mercadotecnia e inteligencia empresarial"
48490000,48400000,Paquetes de software de contratación administrativa
48510000,48500000,Paquetes de software de comunicación
48520000,48500000,Paquetes de software multimedia
48610000,48600000,Sistemas de bases de datos
48620000,48600000,Sistemas operativos
48710000,48700000,Paquetes de software de copia de seguridad o recuperación
48720000,48700000,Paquetes de software de código de barras
48730000,48700000,Paquetes de software de seguridad
48740000,48700000,Paquetes de software de traducción de lenguas extranjeras
48750000,48700000,Paquetes de software de carga de medios de almacenamiento
48760000,48700000,Paquetes de software de protección antivirus
48770000,48700000,"Paquetes de software de utilidades generales, de compresión y de impresión"
48780000,48700000,"Paquetes de software de gestión de sistemas, almacenamiento y contenido"
48790000,48700000,Paquetes de software de comprobación de versiones
48810000,48800000,Sistemas de información
48820000,48800000,Servidores
48910000,48900000,"Paquetes de software de juegos informáticos, juegos para la familia y salvapantallas"
48920000,48900000,Paquetes de software ofimático
48930000,48900000,Paquetes de software de formación y entretenimiento
48940000,48900000,Paquetes de software de diseños y calendario
48950000,48900000,Sistema de localización de barcos y de megafonía
48960000,48900000,Paquetes de software de controladores y sistemas
48970000,48900000,Paquetes de software para imprenta
48980000,48900000,Lenguajes y herramientas de programación
48990000,48900000,Paquetes de software de hoja de cálculo y de mejora de hoja de cálculo
50110000,50100000,Servicios de reparación y mantenimiento de vehículos de motor y equipo asociado
50190000,50100000,Servicios de demolición de vehículos
50210000,50200000,Servicios de reparación y mantenimiento y servicios asociados relacionados con aeronaves y otros equipos
50220000,50200000,"Servicios de reparación, mantenimiento y servicios asociados relacionados con vías férreas y otros equipos"
50230000,50200000,"Servicios de reparación, mantenimiento y servicios asociados relacionados con carreteras y otros equipos"
50240000,50200000,"Servicios de reparación, mantenimiento y servicios asociados relacionados con equipos navales y otros equipos"
50310000,50300000,Mantenimiento y reparación de máquinas de oficina
50320000,50300000,Servicios de reparación y mantenimiento de ordenadores personales
50330000,50300000,Servicios de mantenimiento de equipo de telecomunicación
50340000,50300000,Servicios de reparación y mantenimiento de equipos audiovisual y óptico
50410000,50400000,"Servicios de reparación y mantenimiento de aparatos de medida, pruebas y verificación"
50420000,50400000,Servicios de reparación y mantenimiento de aparatos médicos y quirúrgicos
50430000,50400000,Servicios de reparación y mantenimiento de equipos de precisión
50510000,50500000,"Servicios de reparación y mantenimiento de bombas, válvulas, grifos y contenedores de metal"
50530000,50500000,Servicios de reparación y mantenimiento de maquinaria
50610000,50600000,Servicios de reparación y mantenimiento de equipos de seguridad
50620000,50600000,Servicios de reparación y mantenimiento de armas de fuego y munición
50630000,50600000,Servicios de reparación y mantenimiento de vehículos militares
50640000,50600000,Servicios de reparación y mantenimiento de buques de guerra
50650000,50600000,"Servicios de reparación y mantenimiento de aeronaves militares, misiles y naves espaciales"
50660000,50600000,Servicios de reparación y mantenimiento de sistemas electrónicos militares
50710000,50700000,Servicios de reparación y mantenimiento de equipos eléctricos y mecánicos de edificios
50720000,50700000,Servicios de reparación y mantenimiento de calefacción central
50730000,50700000,Servicios de reparación y mantenimiento de grupos refrigeradores
50740000,50700000,Servicios de reparación y mantenimiento de escaleras mecánicas
50750000,50700000,Servicios de mantenimiento de ascensores
50760000,50700000,Reparación y mantenimiento de aseos públicos
50810000,50800000,Servicios de reparación de joyería
50820000,50800000,Servicios de reparación de artículos personales de cuero
50830000,50800000,Servicios de reparación de ropa y tejidos
50840000,50800000,Servicios de reparación y mantenimiento de armas y sistemas de armas
50850000,50800000,Servicios de reparación y mantenimiento de mobiliario
50860000,50800000,Servicios de reparación y mantenimiento de instrumentos musicales
50870000,50800000,Servicios de reparación y mantenimiento de equipos de terrenos de juegos
50880000,50800000,Servicios de reparación y mantenimiento de equipos de hostelería y restaurante
51110000,51100000,Servicios de instalación de equipo eléctrico
51120000,51100000,Servicios de instalación de equipos mecánicos
51130000,51100000,"Servicios de instalación de generadores de vapor, turbinas, compresores y quemadores"
51140000,51100000,Servicios de instalación de motores
51210000,51200000,Servicios de instalación de equipo de medida
51220000,51200000,Servicios de instalación de equipo de verificación
51230000,51200000,Servicios de instalación de equipo de pruebas
51240000,51200000,Servicios de instalación de equipo de navegación
51310000,51300000,"Servicios de instalación de equipos de radio, televisión, sonido y vídeo"
51320000,51300000,Servicios de instalación de transmisores de radio y televisión
51330000,51300000,Servicios de instalación de aparatos de radiotelefonía
51340000,51300000,Servicios de instalación de equipo de telefonía por hilo
51350000,51300000,Servicios de instalación de equipo de telegrafía por hilo
51410000,51400000,Servicios de instalación de equipo médico
51420000,51400000,Servicios de instalación de equipo quirúrgico
51430000,51400000,Servicios de instalación de equipo técnico de laboratorio
51510000,51500000,Servicios de instalación de maquinaria y equipos de uso general
51520000,51500000,Servicios de instalación de maquinaria agrícola y forestal
51530000,51500000,Servicios de instalación de máquinas herramienta
51540000,51500000,Servicios de instalación de maquinaria y equipos para usos especiales
51550000,51500000,Servicios de instalación de sistemas de armas
51610000,51600000,Servicios de instalación de ordenadores y de equipo para procesamiento de la información
51620000,51600000,Servicios de instalación de equipo de oficina
51810000,51800000,Servicios de instalación de cisternas
51820000,51800000,Servicios de instalación de depósitos
55110000,55100000,Servicios de alojamiento hotelero
55120000,55100000,Servicios de reuniones y congresos en hoteles
55130000,55100000,Otros servicios hoteleros
55210000,55200000,Servicios de albergues juveniles
55220000,55200000,Servicios para acampada
55240000,55200000,Servicios de centros de vacaciones y hogares de vacaciones
55250000,55200000,Servicios de arrendamiento de alojamiento amueblado de corta duración
55260000,55200000,Servicios de coches cama
55270000,55200000,Servicios prestados por establecimientos de alojamiento que ofrecen cama y desayuno
55310000,55300000,Servicios de camareros de restaurante
55320000,55300000,Servicios de suministro de comidas
55330000,55300000,Servicios de cafetería
55410000,55400000,Servicios de gestión de bares
55510000,55500000,Servicios de cantina
55520000,55500000,Servicios de suministro de comidas desde el exterior
60120000,60100000,Servicios de taxi
60130000,60100000,Servicios especiales de transporte de pasajeros por carretera
60140000,60100000,Transporte no regular de pasajeros
60150000,60100000,Transporte de pasajeros en vehículos de tracción animal
60160000,60100000,Transporte de correspondencia por carretera
60170000,60100000,Alquiler de vehículos para el transporte de pasajeros con conductor
60180000,60100000,Alquiler de vehículos de transporte de mercancías con conductor
60210000,60200000,Servicios de transporte público por ferrocarril
60220000,60200000,Transporte de correspondencia por ferrocarril
60410000,60400000,Servicios de transporte aéreo regular
60420000,60400000,Servicios de transporte aéreo no regular
60440000,60400000,Servicios aéreos y servicios conexos
60510000,60500000,Servicios de lanzamiento de satélites
60520000,60500000,Servicios de carga útil experimental
60610000,60600000,Servicios de transporte en transbordador
60620000,60600000,Transporte de correspondencia por vías navegables
60630000,60600000,Servicios de embarcaciones para tendido de cables
60640000,60600000,Transportes marítimos
60650000,60600000,Alquiler de medios de transporte por vías navegables con tripulación
63110000,63100000,Servicios de manipulación de la carga
63120000,63100000,Servicios de almacenamiento y depósito
63510000,63500000,Servicios de agencias de viajes y servicios similares
63520000,63500000,Servicios de compañía de transporte
63710000,63700000,Servicios complementarios para el transporte terrestre
63720000,63700000,Servicios complementarios para transporte por vías navegables
63730000,63700000,Servicios complementarios para el transporte aéreo
64110000,64100000,Servicios postales
64120000,64100000,Servicios de correo rápido
64210000,64200000,Servicios telefónicos y de transmisión de datos
64220000,64200000,"Servicios de telecomunicaciones, excepto servicios telefónicos y de transmisión de datos"
65110000,65100000,Distribución de agua
65120000,65100000,Explotación de una planta depuradora de agua
65130000,65100000,Explotación del suministro de agua
65210000,65200000,Distribución de gas
65310000,65300000,Distribución de electricidad
65320000,65300000,Explotación de instalaciones eléctricas
65410000,65400000,Explotación de una central eléctrica
66110000,66100000,Servicios bancarios
66120000,66100000,Servicios bancarios de inversiones y servicios relacionados
66130000,66100000,Servicios de corretaje y servicios relativos a valores y mercancías
66140000,66100000,Servicios de gestión de cartera
66150000,66100000,Servicios de administración de los mercados financieros
66160000,66100000,Servicios fiduciarios y de custodia
66170000,66100000,"Servicios de asesoramiento financiero, de procesamiento de transacciones financieras y de cámara de compensación"
66180000,66100000,Servicios de cambio de divisas
66190000,66100000,Servicios de corretaje de prestamos
66510000,66500000,Servicios de seguros
66520000,66500000,Servicios de pensiones
66710000,66700000,Servicios de reaseguro de vida
66720000,66700000,Servicios de reaseguro de accidente y enfermedad
70110000,70100000,Servicios de promoción de bienes raíces
70120000,70100000,Compraventa de bienes raíces
70130000,70100000,Servicios de arrendamiento de bienes raíces propios
70210000,70200000,Residential property renting or leasing services
70220000,70200000,Servicios de alquiler o arrendamiento financiero relativos a bienes raíces no residenciales propios
70310000,70300000,Servicios de alquiler o venta de edificios
70320000,70300000,Servicios de alquiler o venta de terrenos
70330000,70300000,Servicios de administración de bienes raíces a comisión o por contrato
70340000,70300000,Servicios relacionados con la multipropiedad
71210000,71200000,Servicios de asesoramiento en arquitectura
71220000,71200000,Servicios de diseño arquitectónico
71230000,71200000,Servicios de organización de concursos de proyectos de arquitectura
71240000,71200000,"Servicios de arquitectura, ingeniería y planificación"
71250000,71200000,"Servicios de arquitectura, ingeniería y agrimensura"
71310000,71300000,Servicios de consultoría en ingeniería y construcción
71320000,71300000,Servicios de diseño técnico
71330000,71300000,Servicios diversos de ingeniería
71340000,71300000,Servicios integrados de ingeniería
71350000,71300000,Servicios científicos y técnicos relacionados con la ingeniería
71410000,71400000,Servicios de urbanismo
71420000,71400000,Servicios de arquitectura paisajística
71510000,71500000,Servicios de estudio del emplazamiento
71520000,71500000,Servicios de supervisión de obras
71530000,71500000,Servicios de consultoría en materia de construcción
71540000,71500000,Servicios de gestión de obras
71550000,71500000,Servicios de herrería
71610000,71600000,Servicios de ensayo y análisis de composición y pureza
71620000,71600000,Servicios de análisis
71630000,71600000,Servicios de inspección y ensayo técnicos
71730000,71700000,Servicios de inspección industrial
72110000,72100000,Servicios de consultoría en la selección del equipo informático
72120000,72100000,Servicios de consultoría en recuperación de equipo informático en caso de catástrofe
72130000,72100000,Servicios de consultoría en planificación de instalaciones informáticas
72140000,72100000,Servicios de consultoría en pruebas de aceptación de equipo informático
72150000,72100000,Servicios de consultoría en auditoría informática y en equipo informático
72210000,72200000,Servicios de programación de paquetes de «software»
72220000,72200000,Servicios de consultoría en sistemas y consultoría técnica
72230000,72200000,Servicios de desarrollo de «software» personalizado
72240000,72200000,Servicios de análisis de sistemas y de programación
72250000,72200000,Servicios de sistemas y apoyo
72260000,72200000,Servicios relacionados con el «software»
72310000,72300000,Servicios de tratamiento de datos
72320000,72300000,Servicios relacionados con bases de datos
72330000,72300000,Servicios de normalización y clasificación de contenidos o datos
72410000,72400000,Servicios de proveedor
72420000,72400000,Servicios de desarrollo de Internet
72510000,72500000,Servicios de gestión relacionados con la informática
72540000,72500000,Servicios de actualización informática
72590000,72500000,Servicios profesionales relacionados con la informática
72610000,72600000,Servicios de apoyo informático
72710000,72700000,Servicios de red local
72720000,72700000,Servicios de red de amplia cobertura
72810000,72800000,Servicios de auditoría informática
72820000,72800000,Servicios de ensayo informático
72910000,72900000,Servicios de copia de seguridad
72920000,72900000,Servicios de conversión informática de catálogos
73110000,73100000,Servicios de investigación
73120000,73100000,Servicios de desarrollo experimental
73210000,73200000,Servicios de consultoría en investigación
73220000,73200000,Servicios de consultoría en desarrollo
73410000,73400000,Investigación y tecnología militares
73420000,73400000,Estudio de previabilidad y demostración tecnológica
73430000,73400000,Ensayo y evaluación
75110000,75100000,Servicios públicos generales
75120000,75100000,Servicios administrativos de agencias
75130000,75100000,Servicios de apoyo a los poderes públicos
75210000,75200000,Servicios de asuntos exteriores y otros servicios
75220000,75200000,Servicios de defensa
75230000,75200000,Servicios de justicia
75240000,75200000,Servicios de seguridad y orden públicos
75250000,75200000,Servicios de los cuerpos de bomberos y servicios de rescate
75310000,75300000,Servicios de prestaciones sociales
75320000,75300000,Planes de pensiones de empleados públicos
75330000,75300000,Prestaciones familiares
75340000,75300000,Prestaciones por hijos a cargo
76110000,76100000,Servicios relacionados con la extracción de gas
76120000,76100000,Servicios de buceo relacionados con la extracción de gas
76210000,76200000,Servicios relacionados con la extracción de petróleo
76310000,76300000,Servicios de perforación relacionados con la extracción de gas
76320000,76300000,Servicios de perforación en alta mar
76330000,76300000,Servicios de turbosondeo
76340000,76300000,Perforación con extracción de testigos
76410000,76400000,Servicios de revestimiento y entubado de pozos
76420000,76400000,Servicios de cementación de pozos
76430000,76400000,Servicios de perforación y explotación de pozos
76440000,76400000,Servicios de diagrafía del sondeo
76450000,76400000,Servicios de gestión de pozos
76460000,76400000,Servicios de asistencia para pozos
76470000,76400000,Servicios de pruebas en pozos
76480000,76400000,Servicios de entubado
76490000,76400000,Servicios de terminación de pozos
76510000,76500000,Servicios prestados en la costa
76520000,76500000,Servicios prestados en alta mar
76530000,76500000,Servicios de fondo de pozo
77110000,77100000,Servicios relacionados con la producción agrícola
77120000,77100000,Servicios de producción de compost
77210000,77200000,Servicios de explotación forestal
77220000,77200000,Servicios de impregnación de madera
77230000,77200000,Servicios relacionados con la silvicultura
77310000,77300000,Servicios de plantación y mantenimiento de zonas verdes
77320000,77300000,Servicios de mantenimiento de campos deportivos
77330000,77300000,Servicios de exposición floral
77340000,77300000,Poda de árboles y setos
77510000,77500000,Servicios de propagación de animales de caza
77610000,77600000,Servicios de trampas
77810000,77800000,Servicios de maricultura
77820000,77800000,Servicios de ostricultura
77830000,77800000,Servicios de cultivo de mariscos
77840000,77800000,Servicios de cría de camarones
77850000,77800000,Servicios de piscicultura
79110000,79100000,Servicios de asesoría y representación jurídicas
79120000,79100000,Servicios de consultoría en patentes y derechos de autor
79130000,79100000,Servicios de documentación y certificación jurídicas
79140000,79100000,Servicios de asesoría e información jurídica
79210000,79200000,Servicios de contabilidad y auditoría
79220000,79200000,Servicios fiscales
79310000,79300000,Servicios de estudios de mercado
79320000,79300000,Servicios de encuestas de opinión pública
79330000,79300000,Servicios estadísticos
79340000,79300000,Servicios de publicidad y de marketing
79410000,79400000,Servicios de consultoría comercial y en gestión
79420000,79400000,Servicios relacionados con la gestión
79430000,79400000,Servicios de gestión de crisis
79510000,79500000,Servicios de contestación de llamadas telefónicas
79520000,79500000,Servicios de reprografía
79530000,79500000,Servicios de traducción
79540000,79500000,Servicios de interpretación
79550000,79500000,"Servicios de mecanografía, tratamiento de textos y autoedición"
79560000,79500000,Servicios de archivo
79570000,79500000,Servicios de recopilación de listas de direcciones y servicios de envío por correo
79610000,79600000,Servicios de colocación de personal
79620000,79600000,"Servicios de suministro de personal, incluido personal temporal"
79630000,79600000,"Servicios de personal, excepto servicios de colocación y suministro de personal"
79710000,79700000,Servicios de seguridad
79720000,79700000,Servicios de investigación (criminológica)
79810000,79800000,Servicios de impresión
79820000,79800000,Servicios relacionados con la impresión
79910000,79900000,Servicios de grupos holding
79920000,79900000,Servicios de empaquetado y servicios conexos
79930000,79900000,Servicios especializados de diseño
79940000,79900000,Servicios de agencias de recaudación de fondos
79950000,79900000,"Servicios de organización de exposiciones, ferias y congresos"
79960000,79900000,Servicios de fotografía y servicios auxiliares
79970000,79900000,Servicios de edición
79980000,79900000,Servicios de suscripción
79990000,79900000,Servicios comerciales diversos
80110000,80100000,Servicios de enseñanza preescolar
80210000,80200000,Servicios de enseñanza secundaria técnica y profesional
80310000,80300000,Servicios de enseñanza para la juventud
80320000,80300000,Servicios de enseñanza médica
80330000,80300000,Servicios de enseñanza en temas de seguridad
80340000,80300000,Servicios de educación especial
80410000,80400000,Servicios escolares diversos
80420000,80400000,Servicios de aprendizaje electrónico
80430000,80400000,Servicios de enseñanza universitaria para adultos
80490000,80400000,Explotación de un centro educacional
80510000,80500000,Servicios de formación especializada
80520000,80500000,Instalaciones para la formación
80530000,80500000,Servicios de formación profesional
80540000,80500000,Servicios de formación en materia ambiental
80550000,80500000,Servicios de formación en materia de seguridad
80560000,80500000,Servicios de formación en materia de salud y primeros auxilios
80570000,80500000,Servicios de formación para el perfeccionamiento personal
80580000,80500000,Provisión de cursos de idiomas
80590000,80500000,Servicios de tutoría
80610000,80600000,Formación y simulación en materia de equipos de seguridad
80620000,80600000,Formación y simulación en materia de armas de fuego y munición
80630000,80600000,Formación y simulación en materia de vehículos militares
80640000,80600000,Formación y simulación en materia de buques de guerra
80650000,80600000,"Formación y simulación en materia de aeronaves, misiles y naves espaciales"
80660000,80600000,Formación y simulación en materia de sistemas electrónicos militares
85110000,85100000,Servicios hospitalarios y servicios conexos
85120000,85100000,Servicios de ejercicio de la medicina y servicios conexos
85130000,85100000,Servicios de odontología y servicios conexos
85140000,85100000,Servicios varios de salud
85150000,85100000,Servicios de imaginería
85160000,85100000,Servicios ópticos
85170000,85100000,Servicios de acupuntura y quiropráctica
85210000,85200000,Guarderías para animales de compañía
85310000,85300000,Servicios de asistencia social
85320000,85300000,Servicios sociales
90410000,90400000,Servicios de retirada de aguas residuales
90420000,90400000,Servicios de tratamiento de aguas residuales
90430000,90400000,Servicios de utilización de aguas residuales
90440000,90400000,Servicios de tratamiento de pozos negros
90450000,90400000,Servicios de tratamiento de fosas sépticas
90460000,90400000,Servicios de vaciado de pozos negros y fosas sépticas
90470000,90400000,Servicios de limpieza de alcantarillas
90480000,90400000,Servicios de gestión de alcantarillados
90490000,90400000,Servicios de inspección de alcantarillas y de asesoramiento en materia de aguas residuales
90510000,90500000,Eliminación y tratamiento de desperdicios
90520000,90500000,"Servicios de residuos radiactivos, tóxicos, médicos y peligrosos"
90530000,90500000,Explotación de una instalación de vertido de desechos
90610000,90600000,Servicios de limpieza y barrido de calles
90620000,90600000,Servicios de limpieza y eliminación de nieve
90630000,90600000,Servicios de limpieza y eliminación de hielo
90640000,90600000,Servicios de limpieza y vaciado de sumideros
90650000,90600000,Servicios de retirada de amianto
90660000,90600000,Servicios de eliminación del plomo
90670000,90600000,Servicios de desinfección y exterminio en áreas urbanas o rurales
90680000,90600000,Servicios de limpieza de playas
90690000,90600000,Servicios de limpieza de pintadas
90710000,90700000,Gestión medioambiental
90720000,90700000,Protección del medio ambiente
90730000,90700000,Rastreo y seguimiento de la contaminación y rehabilitación
90740000,90700000,Servicios de rastreo y seguimiento de productos contaminantes y rehabilitación
90910000,90900000,Servicios de limpieza
90920000,90900000,Servicios de higienización de instalaciones
92110000,92100000,Servicios de producción de películas de cine y videocintas y servicios conexos
92120000,92100000,Servicios de distribución de películas cinematográficas o videocintas
92130000,92100000,Servicios de proyección cinematográfica
92140000,92100000,Servicios de proyección de videocintas
92210000,92200000,Servicios de radio
92220000,92200000,Servicios de televisión
92230000,92200000,Servicios de radio y televisión por cable
92310000,92300000,Servicios de creación e interpretación de obras artísticas y literarias
92320000,92300000,Servicios de explotación de instalaciones artísticas
92330000,92300000,Servicios de zona recreativa
92340000,92300000,Servicios de baile y de diversión
92350000,92300000,Servicios de juegos de azar y apuestas
92360000,92300000,Servicios de pirotecnia
92370000,92300000,Técnico de sonido
92510000,92500000,Servicios de bibliotecas y archivos
92520000,92500000,Servicios de museos y de preservación de lugares y edificios históricos
92530000,92500000,Servicios de jardines botánicos y zoológicos y de reservas naturales
92610000,92600000,Servicios de explotación de instalaciones deportivas
92620000,92600000,Servicios relacionados con los deportes
98110000,98100000,"Servicios proporcionados por organizaciones comerciales, profesionales y asociaciones especializadas"
98120000,98100000,Servicios prestados por sindicatos
98130000,98100000,Servicios diversos prestados por asociaciones
98310000,98300000,Servicios de lavado y limpieza en seco
98320000,98300000,Servicios de peluquería y tratamiento de belleza
98330000,98300000,Servicios relacionados con el bienestar físico
98340000,98300000,Servicios de alojamiento y de oficina
98350000,98300000,Servicios de instalaciones municipales
98360000,98300000,Servicios marítimos
98370000,98300000,Servicios funerarios y servicios conexos
98380000,98300000,Servicios de perrera
98390000,98300000,Otros servicios
98510000,98500000,Servicios de trabajadores del comercio y la industria
98910000,98900000,Servicios específicos de organizaciones y entidades extraterritoriales.
